income_decile,count,defaults,default_rate,median_debt_ratio,median_income
Q1,149983,10026,6.685,0.366535403,5400.0
Q2,7,0,0.0,0.00400261,428250.0
Q3,6,0,0.0,0.002505666,701015.0
Q4,1,0,0.0,0.004537059,1072500.0
Q5,0,0,0.0,,
Q6,2,0,0.0,0.003394193,1677080.0
Q7,0,0,0.0,,
Q8,0,0,0.0,,
Q9,0,0,0.0,,
Q10,1,0,0.0,0.001470045,3008750.0
