util_bucket,count,defaults,default_rate,median_income,mean_debt_ratio
B1,149953,10024,6.685,5400.0,352.84043868090964
B2,31,2,6.452,7608.0,912.5903821099355
B3,9,0,0.0,5400.0,1186.0465691777779
B4,2,0,0.0,13635.0,0.2878272205
B5,3,0,0.0,5400.0,771.0473741746667
B6,1,0,0.0,10000.0,0.402559744
B7,0,0,0.0,,
B8,0,0,0.0,,
B9,0,0,0.0,,
B10,1,0,0.0,38000.0,0.221757322
