{
  "roc_auc": 0.7882392162120152,
  "pr_auc": 0.2894301699730293,
  "brier_score": 0.05347496225467242,
  "cv_auc_mean": 0.7771452982896843
}